id,first_name,last_name,email,gender,ip_address,age
1,Lily,Dunsford,ldunsford0@wsj.com,Female,45.148.7.233,31
2,Patricia,Davion,pdavion1@goo.gl,Female,14.89.168.176,48
3,Anton,Vice,avice2@creativecommons.org,Male,233.164.247.199,68
4,Brady,Lindstrom,blindstrom3@plala.or.jp,Male,117.39.221.43,29
5,Eadith,Gouldsmith,egouldsmith4@yellowpages.com,Female,130.146.200.132,52
6,Flynn,Rogerson,frogerson5@nyu.edu,Bigender,81.70.117.247,41
7,Erika,Cannell,ecannell6@jiathis.com,Female,3.105.63.136,78
8,Jean,Burgis,jburgis7@squarespace.com,Female,203.209.14.149,25
9,Griswold,Windrus,gwindrus8@printfriendly.com,Male,0.134.134.60,73
10,Norene,Southern,nsouthern9@twitter.com,Female,49.216.137.24,33
